filename,numVertices,numEdges,batch_size,tree_depth,cuda_bfs,adam_bfs,tree_edges_count,dynamic_tree
coPapersCiteseer,434102,32073440,10000,26,13,6,171,25
coPapersCiteseer,434102,32073440,10000,26,13,6,147,26
coPapersCiteseer,434102,32073440,10000,26,14,6,155,26
coPapersCiteseer,434102,32073440,10000,26,14,6,175,25
coPapersCiteseer,434102,32073440,10000,26,13,6,155,25
coPapersCiteseer,434102,32073440,100,26,14,6,1,25
coPapersCiteseer,434102,32073440,100,26,14,6,1,25
coPapersCiteseer,434102,32073440,100,26,14,6,1,25
coPapersCiteseer,434102,32073440,100,26,14,6,1,25
coPapersCiteseer,434102,32073440,100,26,14,6,2,25
coPapersCiteseer,434102,32073440,1000,26,14,6,23,25
coPapersCiteseer,434102,32073440,1000,26,14,6,17,25
coPapersCiteseer,434102,32073440,1000,26,14,6,15,25
coPapersCiteseer,434102,32073440,1000,26,14,6,16,25
coPapersCiteseer,434102,32073440,1000,26,14,6,16,25
