filename,numVertices,numEdges,batch_size,tree_depth,cuda_bfs,adam_bfs,tree_edges_count,dynamic_tree
coPapersDBLP,540486,30491458,10000,15,11,5,220,25
coPapersDBLP,540486,30491458,10000,15,10,5,222,25
coPapersDBLP,540486,30491458,10000,15,10,4,227,25
coPapersDBLP,540486,30491458,10000,15,11,4,232,25
coPapersDBLP,540486,30491458,10000,15,10,5,203,25
coPapersDBLP,540486,30491458,100,15,10,4,1,25
coPapersDBLP,540486,30491458,100,15,11,5,0,25
coPapersDBLP,540486,30491458,100,15,10,4,3,25
coPapersDBLP,540486,30491458,100,15,11,4,0,25
coPapersDBLP,540486,30491458,100,15,10,4,5,25
coPapersDBLP,540486,30491458,1000,15,10,4,20,25
coPapersDBLP,540486,30491458,1000,15,11,5,17,25
coPapersDBLP,540486,30491458,1000,15,10,4,21,25
coPapersDBLP,540486,30491458,1000,15,10,4,25,25
coPapersDBLP,540486,30491458,1000,15,10,4,21,25
