filename,numVertices,numEdges,batch_size,tree_depth,cuda_bfs,adam_bfs,tree_edges_count,dynamic_tree
soc-LiveJournal1,4847571,85706224,10000,1877,80,196,472,87
soc-LiveJournal1,4847571,85706224,10000,1877,80,197,524,87
soc-LiveJournal1,4847571,85706224,10000,1877,81,196,512,86
soc-LiveJournal1,4847571,85706224,10000,1877,80,196,465,86
soc-LiveJournal1,4847571,85706224,10000,1877,81,197,443,87
soc-LiveJournal1,4847571,85706224,100,1877,81,196,3,86
soc-LiveJournal1,4847571,85706224,100,1877,80,197,5,85
soc-LiveJournal1,4847571,85706224,100,1877,81,196,4,85
soc-LiveJournal1,4847571,85706224,100,1877,80,197,4,87
soc-LiveJournal1,4847571,85706224,100,1877,80,196,7,87
soc-LiveJournal1,4847571,85706224,1000,1877,80,197,39,86
soc-LiveJournal1,4847571,85706224,1000,1877,81,195,44,86
soc-LiveJournal1,4847571,85706224,1000,1877,80,197,52,87
soc-LiveJournal1,4847571,85706224,1000,1877,79,197,57,87
soc-LiveJournal1,4847571,85706224,1000,1877,81,196,49,87
