filename,numVertices,numEdges,batch_size,tree_edges_count,dynamic_tree
coPapersCiteseer,434102,32073440,100000,1474,8
coPapersCiteseer,434102,32073440,100000,1519,9
coPapersCiteseer,434102,32073440,100000,1538,11
coPapersCiteseer,434102,32073440,100000,1493,11
coPapersCiteseer,434102,32073440,100000,1489,9
coPapersCiteseer,434102,32073440,10000,171,8
coPapersCiteseer,434102,32073440,10000,147,7
coPapersCiteseer,434102,32073440,10000,155,6
coPapersCiteseer,434102,32073440,10000,175,9
coPapersCiteseer,434102,32073440,10000,155,6
coPapersCiteseer,434102,32073440,100,1,5
coPapersCiteseer,434102,32073440,100,1,5
coPapersCiteseer,434102,32073440,100,1,6
coPapersCiteseer,434102,32073440,100,1,6
coPapersCiteseer,434102,32073440,100,2,6
coPapersCiteseer,434102,32073440,1000,23,7
coPapersCiteseer,434102,32073440,1000,17,5
coPapersCiteseer,434102,32073440,1000,15,7
coPapersCiteseer,434102,32073440,1000,16,5
coPapersCiteseer,434102,32073440,1000,16,5
