filename,numVertices,numEdges,batch_size,tree_edges_count,dynamic_tree
coPapersDBLP,540486,30491458,100000,2284,11
coPapersDBLP,540486,30491458,100000,2263,11
coPapersDBLP,540486,30491458,100000,2288,10
coPapersDBLP,540486,30491458,100000,2230,10
coPapersDBLP,540486,30491458,100000,2247,10
coPapersDBLP,540486,30491458,10000,220,9
coPapersDBLP,540486,30491458,10000,222,8
coPapersDBLP,540486,30491458,10000,227,8
coPapersDBLP,540486,30491458,10000,232,8
coPapersDBLP,540486,30491458,10000,203,9
coPapersDBLP,540486,30491458,100,1,7
coPapersDBLP,540486,30491458,100,0,6
coPapersDBLP,540486,30491458,100,3,6
coPapersDBLP,540486,30491458,100,0,6
coPapersDBLP,540486,30491458,100,5,7
coPapersDBLP,540486,30491458,1000,20,7
coPapersDBLP,540486,30491458,1000,17,7
coPapersDBLP,540486,30491458,1000,21,9
coPapersDBLP,540486,30491458,1000,25,7
coPapersDBLP,540486,30491458,1000,21,7
