filename,numVertices,numEdges,batch_size,tree_edges_count,dynamic_tree
higgs-twitter,456626,25017136,100000,2542,10
higgs-twitter,456626,25017136,100000,2630,9
higgs-twitter,456626,25017136,100000,2584,10
higgs-twitter,456626,25017136,100000,2683,9
higgs-twitter,456626,25017136,100000,2637,8
higgs-twitter,456626,25017136,10000,265,8
higgs-twitter,456626,25017136,10000,282,9
higgs-twitter,456626,25017136,10000,246,9
higgs-twitter,456626,25017136,10000,259,8
higgs-twitter,456626,25017136,10000,228,7
higgs-twitter,456626,25017136,100,0,6
higgs-twitter,456626,25017136,100,4,6
higgs-twitter,456626,25017136,100,3,8
higgs-twitter,456626,25017136,100,3,7
higgs-twitter,456626,25017136,100,3,7
higgs-twitter,456626,25017136,1000,27,8
higgs-twitter,456626,25017136,1000,21,7
higgs-twitter,456626,25017136,1000,16,7
higgs-twitter,456626,25017136,1000,26,7
higgs-twitter,456626,25017136,1000,25,7
