filename,numVertices,numEdges,batch_size,tree_edges_count,dynamic_tree
soc-LiveJournal1,4847571,85706224,100000,4995,40
soc-LiveJournal1,4847571,85706224,100000,4896,46
soc-LiveJournal1,4847571,85706224,100000,4992,38
soc-LiveJournal1,4847571,85706224,100000,4918,49
soc-LiveJournal1,4847571,85706224,100000,4889,48
soc-LiveJournal1,4847571,85706224,10000,472,34
soc-LiveJournal1,4847571,85706224,10000,524,45
soc-LiveJournal1,4847571,85706224,10000,512,35
soc-LiveJournal1,4847571,85706224,10000,465,45
soc-LiveJournal1,4847571,85706224,10000,443,36
soc-LiveJournal1,4847571,85706224,100,5,30
soc-LiveJournal1,4847571,85706224,100,7,32
soc-LiveJournal1,4847571,85706224,1000,39,44
soc-LiveJournal1,4847571,85706224,1000,44,43
soc-LiveJournal1,4847571,85706224,1000,52,35
soc-LiveJournal1,4847571,85706224,1000,57,33
soc-LiveJournal1,4847571,85706224,1000,49,47
