filename,numVertices,numEdges,batch_size,tree_edges_count,dynamic_tree
sx-stackoverflow,2601977,56414194,100000,4011,24
sx-stackoverflow,2601977,56414194,100000,4009,23
sx-stackoverflow,2601977,56414194,100000,3916,23
sx-stackoverflow,2601977,56414194,100000,4080,22
sx-stackoverflow,2601977,56414194,100000,3939,22
sx-stackoverflow,2601977,56414194,10000,373,19
sx-stackoverflow,2601977,56414194,10000,406,21
sx-stackoverflow,2601977,56414194,10000,370,19
sx-stackoverflow,2601977,56414194,10000,398,19
sx-stackoverflow,2601977,56414194,10000,427,21
sx-stackoverflow,2601977,56414194,100,2,17
sx-stackoverflow,2601977,56414194,100,4,17
sx-stackoverflow,2601977,56414194,100,7,18
sx-stackoverflow,2601977,56414194,100,1,17
sx-stackoverflow,2601977,56414194,100,4,17
sx-stackoverflow,2601977,56414194,1000,40,19
sx-stackoverflow,2601977,56414194,1000,38,18
sx-stackoverflow,2601977,56414194,1000,29,24
sx-stackoverflow,2601977,56414194,1000,41,18
sx-stackoverflow,2601977,56414194,1000,37,18
