filename,numVertices,numEdges,batch_size,tree_edges_count,dynamic_tree
web-BerkStan,685230,13300290,100000,467,11
web-BerkStan,685230,13300290,100000,455,12
web-BerkStan,685230,13300290,100000,400,8
web-BerkStan,685230,13300290,100000,408,8
web-BerkStan,685230,13300290,100000,424,8
web-BerkStan,685230,13300290,10000,38,7
web-BerkStan,685230,13300290,10000,38,7
web-BerkStan,685230,13300290,10000,43,7
web-BerkStan,685230,13300290,10000,45,7
web-BerkStan,685230,13300290,10000,40,7
web-BerkStan,685230,13300290,100,0,8
web-BerkStan,685230,13300290,100,1,7
web-BerkStan,685230,13300290,100,2,7
web-BerkStan,685230,13300290,100,0,7
web-BerkStan,685230,13300290,100,0,9
web-BerkStan,685230,13300290,1000,7,7
web-BerkStan,685230,13300290,1000,5,7
web-BerkStan,685230,13300290,1000,3,7
web-BerkStan,685230,13300290,1000,2,7
web-BerkStan,685230,13300290,1000,4,7
