filename,numVertices,numEdges,batch_size,tree_edges_count,dynamic_tree
wiki-topcats,1791489,50888414,100000,3558,18
wiki-topcats,1791489,50888414,100000,3478,15
wiki-topcats,1791489,50888414,100000,3686,17
wiki-topcats,1791489,50888414,100000,3647,20
wiki-topcats,1791489,50888414,100000,3540,18
wiki-topcats,1791489,50888414,10000,330,15
wiki-topcats,1791489,50888414,10000,348,19
wiki-topcats,1791489,50888414,10000,363,16
wiki-topcats,1791489,50888414,10000,394,15
wiki-topcats,1791489,50888414,10000,365,14
wiki-topcats,1791489,50888414,100,3,13
wiki-topcats,1791489,50888414,100,3,17
wiki-topcats,1791489,50888414,100,1,13
wiki-topcats,1791489,50888414,100,8,14
wiki-topcats,1791489,50888414,100,6,14
wiki-topcats,1791489,50888414,1000,51,18
wiki-topcats,1791489,50888414,1000,27,14
wiki-topcats,1791489,50888414,1000,32,14
wiki-topcats,1791489,50888414,1000,29,18
wiki-topcats,1791489,50888414,1000,34,14
